MMM,Industrials
ABT,Health Care
ACN,Information Technology
ATVI,Information Technology
AET,Health Care
AMG,Financials
A,Health Care
APD,Materials
AKAM,Information Technology
ALK,Industrials
ALB,Materials
AA,Materials
AGN,Health Care
ADS,Information Technology
LNT,Utilities
ALL,Financials
GOOGL,Information Technology
GOOG,Information Technology
MO,Consumer Staples
AMZN,Consumer Discretionary
AEE,Utilities
AAL,Industrials
AEP,Utilities
AXP,Financials
AIG,Financials
AMT,Financials
AMP,Financials
ABC,Health Care
AME,Industrials
AMGN,Health Care
APH,Industrials
APC,Energy
ADI,Information Technology
AON,Financials
APA,Energy
AIV,Financials
AAPL,Information Technology
AMAT,Information Technology
ADM,Consumer Staples
AJG,Financials
AIZ,Financials
T,Telecommunications Services
ADSK,Information Technology
AN,Consumer Discretionary
AZO,Consumer Discretionary
AVB,Financials
AVY,Materials
BHI,Energy
BLL,Materials
BAC,Financials
BCR,Health Care
BAX,Health Care
BBT,Financials
BDX,Health Care
BBBY,Consumer Discretionary
BRK-B,Financials
BBY,Consumer Discretionary
BIIB,Health Care
BLK,Financials
HRB,Financials
BA,Industrials
BWA,Consumer Discretionary
BXP,Financials
BSX,Health Care
BMY,Health Care
BF-B,Consumer Staples
CHRW,Industrials
CA,Information Technology
COG,Energy
CPB,Consumer Staples
COF,Financials
CAH,Health Care
KMX,Consumer Discretionary
CCL,Consumer Discretionary
CAT,Industrials
CBG,Financials
CBS,Consumer Discretionary
CELG,Health Care
CNC,Health Care
CNP,Utilities
CTL,Telecommunications Services
CERN,Health Care
CF,Materials
SCHW,Financials
CHK,Energy
CVX,Energy
CB,Financials
CHD,Consumer Staples
CI,Health Care
XEC,Energy
CINF,Financials
CTAS,Industrials
CSCO,Information Technology
C,Financials
CTXS,Information Technology
CME,Financials
CMS,Utilities
COH,Consumer Discretionary
CTSH,Information Technology
CL,Consumer Staples
CMCSA,Consumer Discretionary
CMA,Financials
CAG,Consumer Staples
CXO,Energy
COP,Energy
ED,Utilities
STZ,Consumer Staples
GLW,Industrials
COST,Consumer Staples
CCI,Financials
CSX,Industrials
CMI,Industrials
CVS,Consumer Staples
DHI,Consumer Discretionary
DHR,Industrials
DRI,Consumer Discretionary
DVA,Health Care
DE,Industrials
DAL,Industrials
XRAY,Health Care
DVN,Energy
DO,Energy
DLR,Financials
DFS,Financials
DISCA,Consumer Discretionary
DLTR,Consumer Discretionary
D,Utilities
DOV,Industrials
DOW,Materials
DPS,Consumer Staples
DTE,Utilities
DD,Materials
DUK,Utilities
DNB,Industrials
EMN,Materials
ETN,Industrials
EBAY,Information Technology
ECL,Materials
EIX,Utilities
EW,Health Care
EA,Information Technology
EMC,Information Technology
EMR,Industrials
ETR,Utilities
EOG,Energy
EQT,Energy
EFX,Financials
EQR,Financials
ESS,Financials
EL,Consumer Staples
ES,Utilities
EXC,Utilities
EXPE,Consumer Discretionary
EXPD,Industrials
ESRX,Health Care
EXR,Financials
XOM,Energy
FFIV,Information Technology
FAST,Industrials
FRT,Financials
FDX,Industrials
FIS,Information Technology
FITB,Financials
FSLR,Information Technology
FE,Utilities
FISV,Information Technology
FLIR,Industrials
FLS,Industrials
FLR,Industrials
FMC,Materials
FTI,Energy
FL,Consumer Discretionary
F,Consumer Discretionary
BEN,Financials
FCX,Materials
FTR,Telecommunications Services
GPS,Consumer Discretionary
GRMN,Consumer Discretionary
GD,Industrials
GE,Industrials
GGP,Financials
GIS,Consumer Staples
GPC,Consumer Discretionary
GPN,Information Technology
GS,Financials
GT,Consumer Discretionary
GWW,Industrials
HAL,Energy
HBI,Consumer Discretionary
HOG,Consumer Discretionary
HAR,Consumer Discretionary
HRS,Information Technology
HIG,Financials
HAS,Consumer Discretionary
HCP,Financials
HP,Energy
HSIC,Health Care
HES,Energy
HOLX,Health Care
HD,Consumer Discretionary
HON,Industrials
HRL,Consumer Staples
HST,Financials
HPQ,Information Technology
HUM,Health Care
ITW,Industrials
ILMN,Health Care
IR,Industrials
INTC,Information Technology
IBM,Information Technology
IP,Materials
IPG,Consumer Discretionary
IFF,Materials
INTU,Information Technology
ISRG,Health Care
IVZ,Financials
IRM,Industrials
JBHT,Industrials
JEC,Industrials
JNJ,Health Care
JCI,Consumer Discretionary
JPM,Financials
JNPR,Information Technology
K,Consumer Staples
KEY,Financials
KMB,Consumer Staples
KIM,Financials
KLAC,Information Technology
KSS,Consumer Discretionary
KR,Consumer Staples
LB,Consumer Discretionary
LLL,Industrials
LH,Health Care
LRCX,Information Technology
LM,Financials
LEG,Industrials
LEN,Consumer Discretionary
LUK,Financials
LVLT,Telecommunications Services
LLY,Health Care
LNC,Financials
LLTC,Information Technology
LKQ,Consumer Discretionary
LMT,Industrials
L,Financials
LOW,Consumer Discretionary
MTB,Financials
MAC,Financials
M,Consumer Discretionary
MRO,Energy
MAR,Consumer Discretionary
MMC,Financials
MLM,Materials
MAS,Industrials
MA,Information Technology
MAT,Consumer Discretionary
MKC,Consumer Staples
MCD,Consumer Discretionary
MCK,Health Care
MDT,Health Care
MRK,Health Care
MET,Financials
MCHP,Information Technology
MU,Information Technology
MSFT,Information Technology
MHK,Consumer Discretionary
TAP,Consumer Staples
MDLZ,Consumer Staples
MON,Materials
MCO,Financials
MS,Financials
MSI,Information Technology
MUR,Energy
MYL,Health Care
NDAQ,Financials
NOV,Energy
NTAP,Information Technology
NFLX,Information Technology
NWL,Consumer Discretionary
NFX,Energy
NEM,Materials
NKE,Consumer Discretionary
NI,Utilities
NBL,Energy
JWN,Consumer Discretionary
NSC,Industrials
NTRS,Financials
NOC,Industrials
NRG,Utilities
NUE,Materials
NVDA,Information Technology
ORLY,Consumer Discretionary
OXY,Energy
OMC,Consumer Discretionary
OKE,Energy
ORCL,Information Technology
OI,Materials
PCAR,Industrials
PH,Industrials
PDCO,Health Care
PAYX,Information Technology
PNR,Industrials
PBCT,Financials
PKI,Health Care
PRGO,Health Care
PFE,Health Care
PCG,Utilities
PNW,Utilities
PXD,Energy
PBI,Industrials
PNC,Financials
RL,Consumer Discretionary
PPG,Materials
PPL,Utilities
PX,Materials
PCLN,Consumer Discretionary
PFG,Financials
PGR,Financials
PLD,Financials
PRU,Financials
PEG,Utilities
PSA,Financials
PHM,Consumer Discretionary
PVH,Consumer Discretionary
QCOM,Information Technology
PWR,Industrials
DGX,Health Care
RRC,Energy
RTN,Industrials
O,Financials
RHT,Information Technology
REGN,Health Care
RF,Financials
RSG,Industrials
RHI,Industrials
ROK,Industrials
COL,Industrials
ROP,Industrials
ROST,Consumer Discretionary
RCL,Consumer Discretionary
R,Industrials
SPGI,Financials
CRM,Information Technology
SCG,Utilities
SLB,Energy
STX,Information Technology
SEE,Materials
SRE,Utilities
SHW,Materials
SIG,Consumer Discretionary
SPG,Financials
SWKS,Information Technology
SLG,Financials
SNA,Consumer Discretionary
SO,Utilities
LUV,Industrials
SWN,Energy
SE,Energy
STJ,Health Care
SPLS,Consumer Discretionary
SBUX,Consumer Discretionary
HOT,Consumer Discretionary
STT,Financials
SRCL,Industrials
SYK,Health Care
STI,Financials
SYMC,Information Technology
TROW,Financials
TGT,Consumer Discretionary
TGNA,Consumer Discretionary
TDC,Information Technology
TSO,Energy
TXT,Industrials
BK,Financials
TRV,Financials
DIS,Consumer Discretionary
TMO,Health Care
TIF,Consumer Discretionary
TJX,Consumer Discretionary
TMK,Financials
TSCO,Consumer Discretionary
TDG,Industrials
RIG,Energy
FOXA,Consumer Discretionary
FOX,Consumer Discretionary
USB,Financials
UDR,Financials
ULTA,Consumer Discretionary
UNP,Industrials
UAL,Industrials
UNH,Health Care
UPS,Industrials
URI,Industrials
UTX,Industrials
UHS,Health Care
UNM,Financials
URBN,Consumer Discretionary
VFC,Consumer Discretionary
VLO,Energy
VAR,Health Care
VTR,Financials
VRSK,Industrials
VZ,Telecommunications Services
VRTX,Health Care
VIAB,Consumer Discretionary
VNO,Financials
VMC,Materials
WM,Industrials
WAT,Health Care
WFC,Financials
HCN,Financials
WY,Financials
WHR,Consumer Discretionary
WMB,Energy
WEC,Utilities
WYN,Consumer Discretionary
WYNN,Consumer Discretionary
XEL,Utilities
