AAP,Advance Auto Parts,Consumer Discretionary
AMZN,Amazon.com Inc,Consumer Discretionary
AN,AutoNation Inc,Consumer Discretionary
AZO,AutoZone Inc,Consumer Discretionary
BBBY,Bed Bath & Beyond,Consumer Discretionary
BBY,Best Buy Co. Inc.,Consumer Discretionary
BWA,BorgWarner,Consumer Discretionary
KMX,Carmax Inc,Consumer Discretionary
CCL,Carnival Corp.,Consumer Discretionary
CBS,CBS Corp.,Consumer Discretionary
CMG,Chipotle Mexican Grill,Consumer Discretionary
COH,Coach Inc.,Consumer Discretionary
CMCSA,Comcast A Corp,Consumer Discretionary
DHI,D. R. Horton,Consumer Discretionary
DRI,Darden Restaurants,Consumer Discretionary
DLPH,Delphi Automotive,Consumer Discretionary
DISCA,Discovery Communications-A,Consumer Discretionary
DISCK,Discovery Communications-C,Consumer Discretionary
DG,Dollar General,Consumer Discretionary
DLTR,Dollar Tree,Consumer Discretionary
EXPE,Expedia Inc.,Consumer Discretionary
FL,Foot Locker Inc,Consumer Discretionary
F,Ford Motor,Consumer Discretionary
GPS,Gap (The),Consumer Discretionary
GRMN,Garmin Ltd.,Consumer Discretionary
GM,General Motors,Consumer Discretionary
GPC,Genuine Parts,Consumer Discretionary
GT,Goodyear Tire & Rubber,Consumer Discretionary
HBI,Hanesbrands Inc,Consumer Discretionary
HOG,Harley-Davidson,Consumer Discretionary
HAR,Harman Int'l Industries,Consumer Discretionary
HAS,Hasbro Inc.,Consumer Discretionary
HD,Home Depot,Consumer Discretionary
IPG,Interpublic Group,Consumer Discretionary
JCI,Johnson Controls,Consumer Discretionary
KSS,Kohl's Corp.,Consumer Discretionary
LB,L Brands Inc.,Consumer Discretionary
LEN,Lennar Corp.,Consumer Discretionary
LKQ,LKQ Corporation,Consumer Discretionary
LOW,Lowe's Cos.,Consumer Discretionary
M,Macy's Inc.,Consumer Discretionary
MAR,Marriott Int'l.,Consumer Discretionary
MAT,Mattel Inc.,Consumer Discretionary
MCD,McDonald's Corp.,Consumer Discretionary
KORS,Michael Kors Holdings,Consumer Discretionary
MHK,Mohawk Industries,Consumer Discretionary
NWL,Newell Rubbermaid Co.,Consumer Discretionary
NWSA,News Corp. Class A,Consumer Discretionary
NWS,News Corp. Class B,Consumer Discretionary
NKE,Nike,Consumer Discretionary
JWN,Nordstrom,Consumer Discretionary
ORLY,O'Reilly Automotive,Consumer Discretionary
OMC,Omnicom Group,Consumer Discretionary
RL,Polo Ralph Lauren Corp.,Consumer Discretionary
PCLN,Priceline.com Inc,Consumer Discretionary
PHM,Pulte Homes Inc.,Consumer Discretionary
PVH,PVH Corp.,Consumer Discretionary
ROST,Ross Stores,Consumer Discretionary
RCL,Royal Caribbean Cruises Ltd,Consumer Discretionary
SNI,Scripps Networks Interactive Inc.,Consumer Discretionary
SIG,Signet Jewelers,Consumer Discretionary
SNA,Snap-On Inc.,Consumer Discretionary
SWK,Stanley Black & Decker,Consumer Discretionary
SPLS,Staples Inc.,Consumer Discretionary
SBUX,Starbucks Corp.,Consumer Discretionary
HOT,Starwood Hotels & Resorts,Consumer Discretionary
TGT,Target Corp.,Consumer Discretionary
TGNA,Tegna,Consumer Discretionary
DIS,The Walt Disney Company,Consumer Discretionary
TIF,Tiffany & Co.,Consumer Discretionary
TWX,Time Warner Inc.,Consumer Discretionary
TJX,TJX Companies Inc.,Consumer Discretionary
TSCO,Tractor Supply Company,Consumer Discretionary
TRIP,TripAdvisor,Consumer Discretionary
FOXA,Twenty-First Century Fox Class A,Consumer Discretionary
FOX,Twenty-First Century Fox Class B,Consumer Discretionary
ULTA,Ulta Salon Cosmetics & Fragrance Inc,Consumer Discretionary
UA,Under Armour,Consumer Discretionary
URBN,Urban Outfitters,Consumer Discretionary
VFC,V.F. Corp.,Consumer Discretionary
VIAB,Viacom Inc.,Consumer Discretionary
WHR,Whirlpool Corp.,Consumer Discretionary
WYN,Wyndham Worldwide,Consumer Discretionary
WYNN,Wynn Resorts Ltd,Consumer Discretionary
YUM,Yum! Brands Inc,Consumer Discretionary
AMG,Affiliated Managers Group Inc,Financials
AFL,AFLAC Inc,Financials
ALL,Allstate Corp,Financials
AXP,American Express Co,Financials
AIG, American International Group  ,Financials
AMT,American Tower Corp A,Financials
AMP,Ameriprise Financial,Financials
AON,Aon plc,Financials
AIV,Apartment Investment & Mgmt,Financials
AJG,Arthur J. Gallagher & Co.,Financials
AIZ,Assurant Inc,Financials
AVB, AvalonBay Communities  ,Financials
BAC,Bank of America Corp,Financials
BBT,BB&T Corporation,Financials
BRK-B,Berkshire Hathaway,Financials
BLK,BlackRock,Financials
HRB,Block H&R,Financials
BXP,Boston Properties,Financials
COF,Capital One Financial,Financials
CBG,CBRE Group,Financials
SCHW,Charles Schwab Corporation,Financials
CB,Chubb Limited,Financials
CINF,Cincinnati Financial,Financials
C,Citigroup Inc.,Financials
CFG,Citizens Financial Group,Financials
CME,CME Group Inc.,Financials
CMA,Comerica Inc.,Financials
CCI,Crown Castle International Corp.,Financials
DLR,Digital Realty Trust,Financials
DFS,Discover Financial Services,Financials
ETFC,E*Trade,Financials
EFX,Equifax Inc.,Financials
EQR,Equity Residential,Financials
ESS,Essex Property Trust Inc,Financials
EXR,Extra Space Storage,Financials
FRT,Federal Realty Investment Trust,Financials
FITB,Fifth Third Bancorp,Financials
BEN,Franklin Resources,Financials
GGP,General Growth Properties Inc.,Financials
GS,Goldman Sachs Group,Financials
HIG,Hartford Financial Svc.Gp.,Financials
HCP,HCP Inc.,Financials
HST,Host Hotels & Resorts,Financials
HBAN,Huntington Bancshares,Financials
ICE,Intercontinental Exchange,Financials
IVZ,Invesco Ltd.,Financials
JPM,JPMorgan Chase & Co.,Financials
KEY,KeyCorp,Financials
KIM,Kimco Realty,Financials
LM,Legg Mason,Financials
LUK,Leucadia National Corp.,Financials
LNC,Lincoln National,Financials
L,Loews Corp.,Financials
MTB,M&T Bank Corp.,Financials
MAC,Macerich,Financials
MMC,Marsh & McLennan,Financials
MET,MetLife Inc.,Financials
MCO,Moody's Corp,Financials
MS,Morgan Stanley,Financials
NDAQ,NASDAQ OMX Group,Financials
NAVI,Navient,Financials
NTRS,Northern Trust Corp.,Financials
PBCT,People's United Financial,Financials
PNC,PNC Financial Services,Financials
PFG,Principal Financial Group,Financials
PGR,Progressive Corp.,Financials
PLD,Prologis,Financials
PRU,Prudential Financial,Financials
PSA,Public Storage,Financials
O,Realty Income Corporation,Financials
RF,Regions Financial Corp.,Financials
SPGI, S&P Global  ,Financials
SPG,Simon Property Group Inc,Financials
SLG,SL Green Realty,Financials
STT,State Street Corp.,Financials
STI,SunTrust Banks,Financials
SYF,Synchrony Financial,Financials
TROW,T. Rowe Price Group,Financials
BK,The Bank of New York Mellon Corp.,Financials
TRV,The Travelers Companies Inc.,Financials
TMK,Torchmark Corp.,Financials
USB,U.S. Bancorp,Financials
UDR,UDR Inc,Financials
UNM,Unum Group,Financials
VTR,Ventas Inc,Financials
VNO,Vornado Realty Trust,Financials
WFC,Wells Fargo,Financials
HCN,Welltower Inc.,Financials
WY,Weyerhaeuser Corp.,Financials
XL,XL Capital,Financials
ZION,Zions Bancorp,Financials
MMM,3M Company,Industrials
AYI,Acuity Brands Inc,Industrials
ALK,Alaska Air Group Inc,Industrials
ALLE,Allegion,Industrials
AAL,American Airlines Group,Industrials
AME,Ametek,Industrials
APH,Amphenol Corp A,Industrials
BA,Boeing Company,Industrials
CHRW,C. H. Robinson Worldwide,Industrials
CAT,Caterpillar Inc.,Industrials
CTAS,Cintas Corporation,Industrials
GLW,Corning Inc.,Industrials
CSX,CSX Corp.,Industrials
CMI,Cummins Inc.,Industrials
DHR,Danaher Corp.,Industrials
DE,Deere & Co.,Industrials
DAL,Delta Air Lines,Industrials
DOV,Dover Corp.,Industrials
DNB,Dun & Bradstreet,Industrials
ETN,Eaton Corporation,Industrials
EMR,Emerson Electric Company,Industrials
EXPD,Expeditors Int'l,Industrials
FAST,Fastenal Co,Industrials
FDX,FedEx Corporation,Industrials
FLIR,FLIR Systems,Industrials
FLS,Flowserve Corporation,Industrials
FLR,Fluor Corp.,Industrials
FBHS,Fortune Brands Home & Security,Industrials
GD,General Dynamics,Industrials
GE,General Electric,Industrials
GWW,Grainger (W.W.) Inc.,Industrials
HON,Honeywell Int'l Inc.,Industrials
ITW,Illinois Tool Works,Industrials
IR,Ingersoll-Rand PLC,Industrials
IRM,Iron Mountain Incorporated,Industrials
JBHT,J. B. Hunt Transport Services,Industrials
JEC,Jacobs Engineering Group,Industrials
KSU,Kansas City Southern,Industrials
LLL,L-3 Communications Holdings,Industrials
LEG,Leggett & Platt,Industrials
LMT,Lockheed Martin Corp.,Industrials
MAS,Masco Corp.,Industrials
NLSN,Nielsen Holdings,Industrials
NSC,Norfolk Southern Corp.,Industrials
NOC,Northrop Grumman Corp.,Industrials
PCAR,PACCAR Inc.,Industrials
PH,Parker-Hannifin,Industrials
PNR,Pentair Ltd.,Industrials
PBI,Pitney-Bowes,Industrials
PWR,Quanta Services Inc.,Industrials
RTN,Raytheon Co.,Industrials
RSG,Republic Services Inc,Industrials
RHI,Robert Half International,Industrials
ROK,Rockwell Automation Inc.,Industrials
COL,Rockwell Collins,Industrials
ROP,Roper Industries,Industrials
R,Ryder System,Industrials
LUV,Southwest Airlines,Industrials
SRCL,Stericycle Inc,Industrials
TXT,Textron Inc.,Industrials
TDG,TransDigm Group,Industrials
TYC,Tyco International,Industrials
UNP,Union Pacific,Industrials
UAL,United Continental Holdings,Industrials
UPS,United Parcel Service,Industrials
URI, United Rentals  ,Industrials
UTX,United Technologies,Industrials
VRSK,Verisk Analytics,Industrials
WM,Waste Management Inc.,Industrials
XYL,Xylem Inc.,Industrials
ACN,Accenture plc,Information Technology
ATVI,Activision Blizzard,Information Technology
ADBE,Adobe Systems Inc,Information Technology
AKAM,Akamai Technologies Inc,Information Technology
ADS,Alliance Data Systems,Information Technology
GOOGL,Alphabet Inc Class A,Information Technology
GOOG,Alphabet Inc Class C,Information Technology
ADI, Analog Devices  ,Information Technology
AAPL,Apple Inc.,Information Technology
AMAT,Applied Materials Inc,Information Technology
ADSK,Autodesk Inc,Information Technology
ADP,Automatic Data Processing,Information Technology
AVGO,Avago Technologies,Information Technology
CA, CA  ,Information Technology
CSCO,Cisco Systems,Information Technology
CTXS,Citrix Systems,Information Technology
CTSH,Cognizant Technology Solutions,Information Technology
EBAY,eBay Inc.,Information Technology
EA,Electronic Arts,Information Technology
EMC,EMC Corp.,Information Technology
EQIX,Equinix,Information Technology
FFIV,F5 Networks,Information Technology
FB,Facebook,Information Technology
FIS,Fidelity National Information Services,Information Technology
FSLR,First Solar Inc,Information Technology
FISV,Fiserv Inc,Information Technology
GPN,Global Payments Inc,Information Technology
HRS,Harris Corporation,Information Technology
HPQ,HP Inc.,Information Technology
INTC,Intel Corp.,Information Technology
IBM,International Bus. Machines,Information Technology
INTU,Intuit Inc.,Information Technology
JNPR,Juniper Networks,Information Technology
KLAC,KLA-Tencor Corp.,Information Technology
LRCX,Lam Research,Information Technology
LLTC,Linear Technology Corp.,Information Technology
MA,Mastercard Inc.,Information Technology
MCHP,Microchip Technology,Information Technology
MU,Micron Technology,Information Technology
MSFT,Microsoft Corp.,Information Technology
MSI,Motorola Solutions Inc.,Information Technology
NTAP,NetApp,Information Technology
NFLX,Netflix Inc.,Information Technology
NVDA,Nvidia Corporation,Information Technology
ORCL,Oracle Corp.,Information Technology
PAYX,Paychex Inc.,Information Technology
QCOM,QUALCOMM Inc.,Information Technology
RHT,Red Hat Inc.,Information Technology
CRM,Salesforce.com,Information Technology
STX,Seagate Technology,Information Technology
SWKS,Skyworks Solutions,Information Technology
SYMC,Symantec Corp.,Information Technology
TEL,TE Connectivity Ltd.,Information Technology
TDC,Teradata Corp.,Information Technology
TXN,Texas Instruments,Information Technology
TSS,Total System Services,Information Technology
VRSN,Verisign Inc.,Information Technology
V,Visa Inc.,Information Technology
WDC,Western Digital,Information Technology
WU,Western Union Co,Information Technology
XRX,Xerox Corp.,Information Technology
XLNX,Xilinx Inc,Information Technology
YHOO,Yahoo Inc.,Information Technology
