AMG,Financials
ALL,Financials
AXP,Financials
AIG,Financials
AMT,Financials
AMP,Financials
AON,Financials
AIV,Financials
AJG,Financials
AIZ,Financials
AVB,Financials
BAC,Financials
BBT,Financials
BRK-B,Financials
BLK,Financials
HRB,Financials
BXP,Financials
COF,Financials
CBG,Financials
SCHW,Financials
CB,Financials
CINF,Financials
C,Financials
CME,Financials
CMA,Financials
CCI,Financials
DLR,Financials
DFS,Financials
EFX,Financials
EQR,Financials
ESS,Financials
EXR,Financials
FRT,Financials
FITB,Financials
BEN,Financials
GGP,Financials
GS,Financials
HIG,Financials
HCP,Financials
HST,Financials
IVZ,Financials
JPM,Financials
KEY,Financials
KIM,Financials
LM,Financials
LUK,Financials
LNC,Financials
L,Financials
MTB,Financials
MAC,Financials
MMC,Financials
MET,Financials
MCO,Financials
MS,Financials
NDAQ,Financials
NTRS,Financials
PBCT,Financials
PNC,Financials
PFG,Financials
PGR,Financials
PLD,Financials
PRU,Financials
PSA,Financials
O,Financials
RF,Financials
SPGI,Financials
SPG,Financials
SLG,Financials
STT,Financials
STI,Financials
TROW,Financials
BK,Financials
TRV,Financials
TMK,Financials
USB,Financials
UDR,Financials
UNM,Financials
VTR,Financials
VNO,Financials
WFC,Financials
HCN,Financials
WY,Financials
